https://downloadlynet.ir/post-sitemap.xml,
https://downloadlynet.ir/post-sitemap2.xml,
https://downloadlynet.ir/post-sitemap3.xml,
https://downloadlynet.ir/post-sitemap4.xml,
https://downloadlynet.ir/post-sitemap5.xml,
https://downloadlynet.ir/post-sitemap6.xml,
https://downloadlynet.ir/post-sitemap7.xml,
https://downloadlynet.ir/post-sitemap8.xml,
https://downloadlynet.ir/post-sitemap9.xml,
https://downloadlynet.ir/post-sitemap10.xml,
https://downloadlynet.ir/post-sitemap11.xml,
https://downloadlynet.ir/post-sitemap12.xml,
https://downloadlynet.ir/post-sitemap13.xml,
https://downloadlynet.ir/post-sitemap14.xml,
https://downloadlynet.ir/post-sitemap15.xml,
https://downloadlynet.ir/post-sitemap16.xml,
https://downloadlynet.ir/post-sitemap17.xml,
https://downloadlynet.ir/post-sitemap18.xml